Ticket,Open,Type,Volume,Symbol,Price,SL,TP,Close,Price,Swap,Commissions,Profit,Pips,"Trade duration in seconds"
125383928,"2026-02-23 08:59:10",buy,1,EURUSD,1.18241000,1.18147,1.18570000,"2026-02-23 10:25:51",1.18143000,0,-5,-98.00000000,-9.8,5201
124589942,"2026-02-19 15:31:15",buy,0.2,XAUUSD,4978.66000000,4972.07,0,"2026-02-19 16:15:00",4972.18000000,0,-1.4,-129.60000000,-6.5,2625
124386796,"2026-02-19 04:50:49",buy,0.2,XAUUSD,4971.85000000,4972.35,5111.93000000,"2026-02-19 16:15:00",4972.18000000,0,-1.4,6.60000000,0.3,41051
124386443,"2026-02-19 04:46:35",buy,0.2,XAUUSD,4972.19000000,4972.15,5111.27000000,"2026-02-19 16:15:00",4972.18000000,0,-1.4,-0.20000000,0,41305
124580689,"2026-02-19 15:10:12",buy,0.2,XAUUSD,4983.85000000,4974.25,0,"2026-02-19 15:30:39",4974.21000000,0,-1.4,-192.80000000,-9.6,1227
124521881,"2026-02-19 12:36:05",buy,0.1,XAGUSD,78.43200000,78.093,0,"2026-02-19 13:16:54",78.06400000,0,-0.54,-184.00000000,-0.4,2449
124386014,"2026-02-19 04:42:30",buy,1,GBPJPY,209.03400000,208.619,211.57600000,"2026-02-19 12:52:54",208.61900000,0,-5,-268.30000000,-41.5,29424
123942140,"2026-02-18 04:15:06",buy,0.5,NZDCHF,0.46294000,0.45914,0,"2026-02-19 00:05:00",0.45794000,1.13,-2.5,-325.22000000,-50,71394
122993983,"2026-02-13 19:38:43",buy,0.5,NZDCHF,0.46402000,0.45921,0,"2026-02-19 00:05:00",0.45794000,2.08,-2.5,-395.47000000,-60.8,447977
120744469,"2026-02-09 08:40:51",buy,0.6,NZDCHF,0.46603000,0.45919,0,"2026-02-19 00:05:00",0.45794000,5.61,-3,-631.46000000,-80.9,833049
124288121,"2026-02-18 20:25:13",sell,0.2,XAUUSD,4991.96000000,4993.42,4968.77000000,"2026-02-18 21:03:22",4993.54000000,0,-1.4,-31.60000000,-1.6,2289
124279514,"2026-02-18 19:55:24",buy,0.2,XAUUSD,4999.68000000,4992.59,5017.06000000,"2026-02-18 20:20:40",4994.67000000,0,-1.4,-100.20000000,-5,1516
124285785,"2026-02-18 20:19:39",sell,0.2,XAGUSD,77.66700000,0,0,"2026-02-18 20:19:54",77.83200000,0,-1.08,-165.00000000,-0.2,15
124277450,"2026-02-18 19:42:54",buy,0.1,XAGUSD,78.15300000,77.626,79.29400000,"2026-02-18 20:19:44",77.69200000,0,-0.54,-230.50000000,-0.5,2210
124067753,"2026-02-18 13:20:34",sell,0.1,XAGUSD,75.79600000,76.3,0.00000000,"2026-02-18 15:25:28",76.30500000,0,-0.54,-254.50000000,-0.5,7494
124107884,"2026-02-18 14:53:37",sell,0.2,XAUUSD,4932.04000000,4942.87,0,"2026-02-18 14:59:17",4943.49000000,0,-1.38,-229.00000000,-11.5,340
122988734,"2026-02-13 19:16:45",buy,1.5,AUDUSD,0.70783000,0.70426,0,"2026-02-17 15:42:44",0.70424000,-15.42,-7.5,-538.50000000,-35.9,332759
122990994,"2026-02-13 19:26:17",buy,0.5,AUDUSD,0.70726000,0.70426,0,"2026-02-17 15:42:44",0.70426000,-5.14,-2.5,-150.00000000,-30,332187
123009060,"2026-02-13 20:59:06",buy,0.2,XAUUSD,5031.77000000,5026.11,5044.91000000,"2026-02-13 21:07:56",5043.96000000,0,-1.41,243.80000000,12.2,530
122527172,"2026-02-13 18:28:08",sell,0.06,XAUUSD,5028.41000000,5084.99,4827.27000000,"2026-02-13 20:14:33",5028.83000000,0,-0.42,-2.52000000,-0.4,6385
122952394,"2026-02-13 18:15:50",sell,0.2,XAUUSD,5000.12000000,5021.32,0.00000000,"2026-02-13 18:27:00",5022.68000000,0,-1.4,-451.20000000,-22.6,670
122895545,"2026-02-13 16:41:13",buy,0.2,XAUUSD,4974.91000000,4963.67,0,"2026-02-13 16:43:19",4975.47000000,0,-1.4,11.20000000,0.6,126
122513047,"2026-02-12 18:44:34",sell,0.6,AUDUSD,0.71050000,0.70999,0.68982000,"2026-02-13 16:03:15",0.70750000,-2.67,-3,180.00000000,30,76721
122723127,"2026-02-13 10:58:14",sell,1,AUDUSD,0.70755000,0.70998,0.68991000,"2026-02-13 16:03:11",0.70757000,0,-5,-2.00000000,-0.2,18297
122705581,"2026-02-13 08:55:46",buy,1,USDJPY,153.37700000,152.723,0,"2026-02-13 14:08:19",153.30700000,0,-5,-45.66000000,-7,18753
122491378,"2026-02-12 18:39:28",sell,3,EURUSD,1.18717000,1.18907,1.18013000,"2026-02-12 19:35:26",1.18707000,0,-15,30.00000000,1,3358
120748412,"2026-02-11 15:30:49",buy,1,EURUSD,1.18394000,1.17624,1.20827000,"2026-02-12 18:23:46",1.18690000,-36.3,-5,296.00000000,29.6,96777
121924077,"2026-02-12 18:11:43",buy,0.15,XAUUSD,5015.19000000,5005.79,0.00000000,"2026-02-12 18:12:34",5005.64000000,0,-1.06,-143.25000000,-9.6,51
122238885,"2026-02-12 11:16:15",buy,1,GBPUSD,1.36471000,1.36025,1.38636000,"2026-02-12 18:12:12",1.36401000,0,-5,-70.00000000,-7,24957
122254757,"2026-02-12 12:05:02",buy,2,AUDUSD,0.71220000,0.7103,0,"2026-02-12 18:12:08",0.71099000,0,-10,-242.00000000,-12.1,22026
122244581,"2026-02-12 11:36:40",buy,1,EURUSD,1.18842000,1.18502,1.20829000,"2026-02-12 18:11:58",1.18829000,0,-5,-13.00000000,-1.3,23718
122410707,"2026-02-12 17:02:39",buy,1,AUDJPY,109.07500000,108.622,0,"2026-02-12 18:09:58",108.62200000,0,-5,-297.03000000,-45.3,4039
122290078,"2026-02-12 16:24:38",buy,1,AUDJPY,109.24000000,108.626,0,"2026-02-12 18:09:58",108.62200000,0,-5,-405.22000000,-61.8,6320
121957849,"2026-02-11 20:54:35",buy,3,USOIL.cash,64.75400000,63.645,0.00000000,"2026-02-12 17:40:00",63.57200000,0.1,0,-354.60000000,-1.2,74725
121786870,"2026-02-11 13:23:24",buy,3,USOIL.cash,64.95800000,63.64,0,"2026-02-12 17:40:00",63.57200000,0.1,0,-415.80000000,-1.4,101796
121997903,"2026-02-11 18:18:56",buy,0.05,XAGUSD,82.83000000,82.823,86.71300000,"2026-02-12 01:59:58",82.78800000,-14.84,-0.28,-10.50000000,0,27662
121964506,"2026-02-11 17:25:29",buy,0.1,XAUUSD,5053.36000000,5053.76,5203.94000000,"2026-02-12 01:11:47",5052.29000000,-27.54,-0.7,-10.70000000,-1.1,27978
121804565,"2026-02-11 15:30:17",buy,0.1,XAGUSD,84.16500000,83.201,0.00000000,"2026-02-11 16:39:53",83.77600000,0,-0.58,-194.50000000,-0.4,4176
121736513115055780,"2026-02-11 11:35:09",buy,0.1,XAUUSD,5058.26000000,5045.38,5238.26000000,"2026-02-11 15:30:28",5041.70000000,0,-0.705,-165.60000000,-16.6,14119
121827222,"2026-02-11 14:43:42",buy,0.1,XAUUSD,5063.33000000,5045.42,0,"2026-02-11 15:30:28",5041.70000000,0,-0.7,-216.30000000,-21.6,2806
121775832,"2026-02-11 14:41:10",buy,0.1,XAUUSD,5072.54000000,5045.22,0.00000000,"2026-02-11 15:30:28",5041.70000000,0,-0.71,-308.40000000,-30.8,2958
121819118,"2026-02-11 14:41:10",buy,0.1,XAUUSD,5072.54000000,5045.28,0.00000000,"2026-02-11 15:30:28",5041.70000000,0,-0.71,-308.40000000,-30.8,2958
121812611,"2026-02-11 14:21:58",buy,0.1,XAUUSD,5092.60000000,5081.44,0,"2026-02-11 14:35:59",5080.76000000,0,-0.72,-118.40000000,-11.8,841
121811333,"2026-02-11 14:20:13",buy,0.1,XAUUSD,5094.38000000,5081.58,0,"2026-02-11 14:35:59",5080.76000000,0,-0.72,-136.20000000,-13.6,946
121736513,"2026-02-11 11:35:09",buy,0.1,XAUUSD,5058.26000000,5045.38,5238.26000000,"2026-02-11 14:01:57",5110.31000000,0,-0.715,520.50000000,52.1,8808
121414677,"2026-02-10 16:38:04",buy,2,AUDUSD,0.70810000,0.70628,0.00000000,"2026-02-10 19:46:14",0.70739000,0,-10,-142.00000000,-7.1,11290
121417187,"2026-02-10 16:37:55",buy,2,AUDUSD,0.70816000,0.70628,0,"2026-02-10 19:46:10",0.70742000,0,-10,-148.00000000,-7.4,11295
121354022,"2026-02-10 15:02:30",buy,2,USDCAD,1.35728000,1.35469,0,"2026-02-10 16:00:02",1.35467000,0,-10,-385.33000000,-26.1,3452
121290003,"2026-02-10 12:24:42",sell,3,AUDCHF,0.54168000,0.54281,0.53973000,"2026-02-10 15:15:17",0.54228000,0,-15,-234.68000000,-6,10235
121267309,"2026-02-10 11:21:25",sell,3,NZDCHF,0.46303000,0.46358,0.46113000,"2026-02-10 15:12:53",0.46360000,0,-15,-222.85000000,-5.7,13888
120887677,"2026-02-09 14:45:29",buy,1,NZDUSD,0.60298000,0.59955,0,"2026-02-10 12:31:01",0.60400000,-4.93,-5,102.00000000,10.2,78332
120929094,"2026-02-09 16:04:04",buy,0.5,GBPUSD,1.36375000,1.36184,1.38679000,"2026-02-10 12:30:51",1.36595000,-2.68,-2.5,110.00000000,22,73607
120743175,"2026-02-09 08:36:03",buy,0.5,GBPUSD,1.36168000,1.35054,0,"2026-02-10 12:30:48",1.36595000,-2.68,-2.5,213.50000000,42.7,100485
121131478,"2026-02-10 02:06:04",buy,1,NZDCHF,0.46433000,0.46254,0,"2026-02-10 11:20:16",0.46301000,0,-5,-172.34000000,-13.2,33252
121201786,"2026-02-10 08:01:33",buy,0.06,XAUUSD,5039.28000000,5010.25,0,"2026-02-10 09:35:38",5031.35000000,0,-0.42,-47.58000000,-7.9,5645
121201813,"2026-02-10 08:01:38",buy,0.06,XAUUSD,5040.50000000,5010.17,0,"2026-02-10 09:35:31",5032.00000000,0,-0.42,-51.00000000,-8.5,5633
121204060,"2026-02-10 08:51:16",buy,0.1,XAUUSD,5025.88000000,5010.38,0.00000000,"2026-02-10 09:35:27",5031.57000000,0,-0.7,56.90000000,5.7,2651
121172374,"2026-02-10 05:11:51",buy,0.06,XAGUSD,81.73600000,80.729,0,"2026-02-10 07:27:24",80.63600000,0,-0.34,-330.00000000,-1.1,8133
121156559,"2026-02-10 05:15:12",buy,0.06,XAGUSD,81.48600000,80.709,0.00000000,"2026-02-10 07:27:24",80.63600000,0,-0.34,-255.00000000,-0.9,7932
120948562,"2026-02-09 16:33:13",buy,0.5,XCUUSD,588.69000000,588.38,607.66000000,"2026-02-10 07:25:24",588.37000000,-7.37,-0.42,-16.00000000,-0.3,53531
121130376,"2026-02-10 02:02:20",buy,1,EURJPY,185.91300000,185.419,0,"2026-02-10 03:48:40",185.41900000,0,-5,-317.31000000,-49.4,6380
121131372,"2026-02-10 02:05:25",buy,1,AUDJPY,110.65100000,110.313,0,"2026-02-10 03:46:16",110.31400000,0,-5,-216.35000000,-33.7,6051
121012986114333700,"2026-02-09 19:59:03",buy,0.05,XAUUSD,5041.46000000,5041.38,5088.38000000,"2026-02-09 21:36:37",5076.68000000,0,-0.35666667,176.10000000,35.2,5854
121012986,"2026-02-09 19:59:03",buy,0.1,XAUUSD,5041.46000000,5041.38,5088.38000000,"2026-02-09 21:31:24",5075.40000000,0,-0.71333333,339.40000000,33.9,5541
120874475,"2026-02-09 16:06:39",buy,0.8,GBPUSD,1.36301000,1.36194,0,"2026-02-09 21:07:27",1.36858000,0,-4,445.60000000,55.7,18048
120927035,"2026-02-09 16:00:40",buy,0.5,XCUUSD,588.41000000,588.28,607.83000000,"2026-02-09 20:19:57",594.82000000,0,-0.42,320.50000000,6.4,15557
120858914,"2026-02-09 13:16:17",sell,2,USDCHF,0.77189000,0.77097,0.76951000,"2026-02-09 15:02:46",0.76998000,0,-10,496.12000000,19.1,6389
120744860,"2026-02-09 08:42:18",buy,0.2,XAUUSD,5031.01000000,5012.32,5088.54000000,"2026-02-09 09:14:02",5011.83000000,0,-1.4,-383.60000000,-19.2,1904
